{"cam/image_array":"1396_cam-image_array_.jpg","user/throttle":0.3919559717178345,"user/angle":-0.02666627988219261,"user/mode":"user","track/lap":0,"track/loc":-1}