{"cam/image_array":"894_cam-image_array_.jpg","user/throttle":0.006699860095977783,"user/angle":-0.7872717380523682,"user/mode":"user","track/lap":0,"track/loc":-1}