{"cam/image_array":"1038_cam-image_array_.jpg","user/throttle":0.4846431016921997,"user/angle":0.23413142561912538,"user/mode":"user","track/lap":0,"track/loc":-1}