{"cam/image_array":"948_cam-image_array_.jpg","user/throttle":0.36361801624298098,"user/angle":-0.44101980328559878,"user/mode":"user","track/lap":0,"track/loc":-1}