{"cam/image_array":"384_cam-image_array_.jpg","user/throttle":0.10415399074554444,"user/angle":-0.16274061799049378,"user/mode":"user","track/lap":0,"track/loc":-1}