{"cam/image_array":"1449_cam-image_array_.jpg","user/throttle":0.04137992858886719,"user/angle":0.4704599678516388,"user/mode":"user","track/lap":0,"track/loc":-1}