{"cam/image_array":"357_cam-image_array_.jpg","user/throttle":0.049020975828170779,"user/angle":0.6498351097106934,"user/mode":"user","track/lap":0,"track/loc":-1}