{"cam/image_array":"939_cam-image_array_.jpg","user/throttle":0.03351539373397827,"user/angle":-0.05236780270934105,"user/mode":"user","track/lap":0,"track/loc":-1}