{"cam/image_array":"440_cam-image_array_.jpg","user/throttle":0.009434401988983155,"user/angle":-0.014741253107786179,"user/mode":"user","track/lap":0,"track/loc":-1}