{"cam/image_array":"1379_cam-image_array_.jpg","user/throttle":0.41550958156585696,"user/angle":-0.3840482831001282,"user/mode":"user","track/lap":0,"track/loc":-1}