{"cam/image_array":"1369_cam-image_array_.jpg","user/throttle":0.08469748497009278,"user/angle":-0.13233982026576997,"user/mode":"user","track/lap":0,"track/loc":-1}