{"cam/image_array":"1137_cam-image_array_.jpg","user/throttle":0.07461059093475342,"user/angle":-0.7721165418624878,"user/mode":"user","track/lap":0,"track/loc":-1}