{"cam/image_array":"1195_cam-image_array_.jpg","user/throttle":0.04856520891189575,"user/angle":-0.07588313519954682,"user/mode":"user","track/lap":0,"track/loc":-1}