{"cam/image_array":"930_cam-image_array_.jpg","user/throttle":0.02117428183555603,"user/angle":-0.033084817230701449,"user/mode":"user","track/lap":0,"track/loc":-1}